title,price,condition
Shop on eBay,$20.00,Brand New
Apple iPhone 11 Pro Max A2161 ATT T-Mobile Verizon Factory Unlocked - VERY GOOD,$619.00,Very Good - Refurbished
Apple iPhone 12 Pro Max 128/256/512GB AT&T Sprint T-Mobile Unlocked Verizon Good,$781.99,Good - Refurbished
Apple iPhone 11 Pro Max A2161 ATT TMobile Sprint Verizon Factory Unlocked - GOOD,$898.99,Good - Refurbished
Full Cover TEMPERED Glass For iPhone 11 12 13 PRO XS MAX XR 7 8 Screen Protector,$589.00,Brand New
Apple iPhone 12 Pro A2341 128/256/512GB AT&T T-Mobile Verizon Unlocked GREAT,$659.00,Pre-Owned
iPhone 12 Pro Max - 256GB - Gold Factory Unlocked,$7.55,Pre-Owned
Apple iPhone 12 Pro 128GB 256GB 512GB AT&T Sprint T-Mobile Unlocked Verizon Good,$634.99,Good - Refurbished
Apple iPhone 12 Pro - 128GB - Pacific Blue (Unlocked) 108428,$739.99,Pre-Owned
Apple iPhone 12 Pro 128GB 256GB 512GB AT&T Sprint T-Mobile Unlocked Verizon Fair,$650.00,Pre-Owned
iphone 12 pro 128gb ,$639.99,Parts Only
Apple iPhone 12 Pro Max - 128GB - Gold  (Unlocked),$757.99,Pre-Owned
Apple iPhone 11 Pro Max A2161 ATT T-Mobile Verizon FACTORY UNLOCKED - OPEN BOX -,$502.86,Open Box
Apple iPhone 12 Pro Max - 128GB - Pacific Blue (Unlocked),$545.99,Pre-Owned
"Case For iPhone 11 12 13 PRO MAX Mini X, XR XS Shockproof Protective 360 Cover",$646.99,Brand New
iPhone 12 Pro 512GB A2341 - LOCKED - Gold (Xfinity Mobile) Smartphone,$315.08,Pre-Owned
Apple iPhone 11 Pro Gold 64GB - 12 Month Warranty ,$500.00,Pre-Owned
Apple iPhone 11 Pro Max 512GB|256GB|64GB| GSM+CDMA Factory Unlocked Very GOOD,$639.00,Excellent - Refurbished
Apple iPhone 12 Pro A2341 - 128GB - Gray Unlocked,$567.14,Brand New
Apple iPhone 12 Pro - 512 GB-Pacific Blue,$7.55,Pre-Owned
Apple iPhone 12 Pro Max - 512GB - Graphite,$300.00,Pre-Owned
Apple iPhone 12 Pro - 256GB - Pacific Blue (Unlocked),$415.89,Pre-Owned
Apple iPhone 12 Pro 128GB Gold Unlocked Really Nice Condition Plus Gift,$524.88,Pre-Owned
Apple iPhone 11 Pro 64 - 256-Grade A +++ 12 months guarantee Italy equal to New,$534.88,Pre-Owned
Apple iPhone 12 Pro Max - 128GB - Pacific Blue (Unlocked),$590.00,Pre-Owned
Apple iPhone 12 Pro - 128 GB-Gold (without Simlock) + Extras,$431.71,New (Other)
Apple iPhone 12 Pro Max 5G A2342 128/256/512GB AT&T Verizon Unlocked Great,$2.77,Pre-Owned
Apple iPhone 12 Pro 128/256/512GB ATT Sprint T-Mobile Unlocked Verizon Excellent,$475.00,Excellent - Refurbished
Apple iPhone 12 Pro 256GB Unlocked (Any Carrier),$800.00,Pre-Owned
Apple iPhone 12 Pro Max - 128/256/512GB - Unlocked Verizon - Good Condition,$530.59,Good - Refurbished
"New Apple iPhone 12 Pro 128/256/512GB Blue,Gold,Silver,Graphite GSM+CDMA Unlock",$460.64,Brand New
5D Privacy Tempered Glass Screen Protector For iPhone 11 12 PRO MAX 13 XR Cover,$749.88,Brand New
Apple iPhone 12 Pro - 512GB - Graphite - Carrier Unlocked - NO EARPIECE,$594.54,Parts Only
Apple iPhone 12 Pro Max 128/256/512 AT&T Sprint T-Mobile Unlocked VZW Excellent,$744.99,Excellent - Refurbished
Apple iphone 12 pro - 128 gb-pacific blue (unlocked),$749.99,Pre-Owned
Apple iPhone 12 mini 12 12 Pro Max - 128gb - All Colours - Unlocked - GRADEs,$807.99,New (Other)
ï£¿ Apple iPhone 12 Pro Max 128GB | Factory Unlocked | All Colors!,$470.00,Pre-Owned
Apple iPhone 12 Pro - 128GB - Gold (Unlocked),$781.99,Pre-Owned
Apple iPhone 12 Pro  256GB Pacific Blue Unlocked USED W/ Charger & Box,$898.99,Pre-Owned
Apple iPhone 12 Pro Max - 128/256/512GB - Unlocked Verizon - Very Good Condition,$949.99,Very Good - Refurbished
Apple iPhone 12 Pro Max 128GB Graphite T-Mobile Excellent Condition,$8.81,Excellent - Refurbished
Apple iPhone 12 Pro 128GB Unlocked AT&T T-Mobile Verizon Very Good Condition,$590.00,Very Good - Refurbished
Apple iPhone 12 Pro - 128GB 256GB 512GB - All Colors - Good Condition,$706.99,Good - Refurbished
Apple iPhone 11 Pro Max AND iPhone 12!! This is a lot of two phones! take a LOOK,$668.46,Pre-Owned
Apple iPhone 12 Pro Max 128GB Pacific Gray Graphite Xfinity Wireless Only #40,$554.53,Pre-Owned
Apple iPhone 12 Pro Max 256GB Graphite,$825.50,Pre-Owned
Apple iPhone 12 Pro Max 512GB Unlocked AT&T T-Mobile Verizon Very Good Condition,$779.99,Very Good - Refurbished
Apple iPhone 12 Pro 128GB Graphite Unlocked 97% Battery Apple Warranty Sep 2022,$620.00,Pre-Owned
Apple iPhone 12 Pro Max - 256GB - Silver (Unlocked),$710.00,Pre-Owned
"Apple iPhone 12 Pro Max 128GB Gray  ""DUAL SIM CARD"" Unlocked  A2342 (CDMA GSM)",$799.99,Pre-Owned
Apple iPhone 12 Pro A2341 128GB Unlocked Check IMEI Parts & Repair -RJ8785,$929.99,Parts Only
IPhone 12 pro Grey (locked),$706.99,Parts Only
Apple iPhone 12 Pro - 128GB - Gold (EE),$649.95,Parts Only
Apple iPhone 12 pro - 256gb-pacific blue,$600.00,Parts Only
Apple iPhone 12 Pro Max - 128GB - Gold (Unlocked),$350.00,Parts Only
Apple iPhone 12 Pro - 128GB-Pacific Blue (without Simlock),$629.95,Parts Only
at&t iphone 10 8 7 plus 11 12 pro max xs xr x  apple Factory Unlock Service att,$707.03,Brand New
Apple iPhone 12 Pro 128/256/512GB  Unlocked A+ Grade,$869.95,Open Box
Apple iPhone 12 Pro Max - 512GB - Pacific Blue (AT&T) - Locked - READ,$630.14,Parts Only
Faulty Apple iPhone 12 Pro 128GB Gold - Cracked Back & Faulty Rear Camera,$781.37,Parts Only
Faulty Apple iPhone 12 Pro Max 128GB Blue - Cracked Back & Stuck in Restore Mode,$650.00,Parts Only
iPhone 12 Pro Max 128GB Spectrum Cracked / Damaged For Parts Or Repair,$440.00,Parts Only
iPhone 12 Pro 128GB Pacific Blue A2341 - CRACKED BACK GLASS,$233.00,Parts Only
Apple iPhone 11 Pro Max 512GB|256GB|64GB| GSM+CDMA Factory Unlocked - Excellent,$337.76,Excellent - Refurbished
Apple iPhone 12 Pro 128GB 256GB 512GB Silver Grey Gold Blue Unlocked Mobile Good,$342.80,Good - Refurbished
Apple iPhone 12 Pro Max | White | 128GB | Unlocked | Unboxed | Great Condition,$371.79,Pre-Owned
Apple iPhone 12 Pro max - 256GB -gold (Unlocked),$605.20,Parts Only
Apple iPhone 12 Pro Max - 128GB - Pacific Blue FOR PARTS,$9.95,Parts Only
Apple iPhone 12 Pro Max -256GB- Graphite (AT&T) *Mint Condition* (Locked),$759.00,Pre-Owned
Apple iPhone 11 Pro Max A2161 Verizon ATT T-Mob Factory Unlocked - Acceptable - ,$799.00,Open Box
Apple iPhone 12 Pro 128GB T-Mobile Locked Very Good Condition,$299.00,Pre-Owned
Apple iPhone 12 Pro Max - 256GB - Graphite (Verizon) - Unlocked - Cracked - READ,$453.71,Very Good - Refurbished
Iphone 12 chassis pro max blue for parts,$390.69,Parts Only
Case For iPhone 11 12 13 PRO MAX Mini X XR 8 Shockproof Full Protective Cover,$419.00,Parts Only
For iPhone 11 12 Pro Max Mini Ultra Thin Case Matte Hard Shockproof Slim Cover,$225.00,Brand New
